[{"model": "admin.logentry", "pk": 1, "fields": {"action_time": "2020-04-22T17:23:38.976Z", "user": 1, "content_type": 9, "object_id": "1", "object_repr": "Headphones", "action_flag": 1, "change_message": "[{\"added\": {}}]"}}, {"model": "admin.logentry", "pk": 2, "fields": {"action_time": "2020-04-22T17:26:36.931Z", "user": 1, "content_type": 9, "object_id": "2", "object_repr": "Mount of Olive's Book", "action_flag": 1, "change_message": "[{\"added\": {}}]"}}, {"model": "admin.logentry", "pk": 3, "fields": {"action_time": "2020-04-22T17:26:49.112Z", "user": 1, "content_type": 9, "object_id": "3", "object_repr": "Project Source Code", "action_flag": 1, "change_message": "[{\"added\": {}}]"}}, {"model": "admin.logentry", "pk": 4, "fields": {"action_time": "2020-04-22T17:26:53.356Z", "user": 1, "content_type": 9, "object_id": "3", "object_repr": "Project Source Code", "action_flag": 2, "change_message": "[{\"changed\": {\"fields\": [\"Digital\"]}}]"}}, {"model": "admin.logentry", "pk": 5, "fields": {"action_time": "2020-04-22T17:27:03.331Z", "user": 1, "content_type": 9, "object_id": "4", "object_repr": "Watch", "action_flag": 1, "change_message": "[{\"added\": {}}]"}}, {"model": "admin.logentry", "pk": 6, "fields": {"action_time": "2020-04-22T17:27:05.822Z", "user": 1, "content_type": 9, "object_id": "4", "object_repr": "Watch", "action_flag": 2, "change_message": "[]"}}, {"model": "admin.logentry", "pk": 7, "fields": {"action_time": "2020-04-22T17:27:15.464Z", "user": 1, "content_type": 9, "object_id": "5", "object_repr": "Shoes", "action_flag": 1, "change_message": "[{\"added\": {}}]"}}, {"model": "admin.logentry", "pk": 8, "fields": {"action_time": "2020-04-22T17:27:23.053Z", "user": 1, "content_type": 9, "object_id": "6", "object_repr": "T-Shirt", "action_flag": 1, "change_message": "[{\"added\": {}}]"}}, {"model": "admin.logentry", "pk": 9, "fields": {"action_time": "2020-04-22T19:00:32.692Z", "user": 1, "content_type": 9, "object_id": "6", "object_repr": "T-Shirt", "action_flag": 2, "change_message": "[{\"changed\": {\"fields\": [\"Image\"]}}]"}}, {"model": "admin.logentry", "pk": 10, "fields": {"action_time": "2020-04-22T19:00:41.271Z", "user": 1, "content_type": 9, "object_id": "5", "object_repr": "Shoes", "action_flag": 2, "change_message": "[{\"changed\": {\"fields\": [\"Image\"]}}]"}}, {"model": "admin.logentry", "pk": 11, "fields": {"action_time": "2020-04-22T19:00:47.056Z", "user": 1, "content_type": 9, "object_id": "4", "object_repr": "Watch", "action_flag": 2, "change_message": "[{\"changed\": {\"fields\": [\"Image\"]}}]"}}, {"model": "admin.logentry", "pk": 12, "fields": {"action_time": "2020-04-22T19:00:51.962Z", "user": 1, "content_type": 9, "object_id": "3", "object_repr": "Project Source Code", "action_flag": 2, "change_message": "[{\"changed\": {\"fields\": [\"Image\"]}}]"}}, {"model": "admin.logentry", "pk": 13, "fields": {"action_time": "2020-04-22T19:00:57.718Z", "user": 1, "content_type": 9, "object_id": "2", "object_repr": "Mount of Olive's Book", "action_flag": 2, "change_message": "[{\"changed\": {\"fields\": [\"Image\"]}}]"}}, {"model": "admin.logentry", "pk": 14, "fields": {"action_time": "2020-04-22T19:01:03.551Z", "user": 1, "content_type": 9, "object_id": "1", "object_repr": "Headphones", "action_flag": 2, "change_message": "[{\"changed\": {\"fields\": [\"Image\"]}}]"}}, {"model": "admin.logentry", "pk": 15, "fields": {"action_time": "2020-04-22T19:07:59.687Z", "user": 1, "content_type": 9, "object_id": "6", "object_repr": "T-Shirt", "action_flag": 2, "change_message": "[{\"changed\": {\"fields\": [\"Image\"]}}]"}}, {"model": "admin.logentry", "pk": 16, "fields": {"action_time": "2020-04-22T19:08:33.678Z", "user": 1, "content_type": 9, "object_id": "6", "object_repr": "T-Shirt", "action_flag": 2, "change_message": "[{\"changed\": {\"fields\": [\"Image\"]}}]"}}, {"model": "admin.logentry", "pk": 17, "fields": {"action_time": "2020-04-22T19:54:25.317Z", "user": 1, "content_type": 7, "object_id": "1", "object_repr": "Dennis", "action_flag": 1, "change_message": "[{\"added\": {}}]"}}, {"model": "admin.logentry", "pk": 18, "fields": {"action_time": "2020-04-22T19:57:37.250Z", "user": 1, "content_type": 7, "object_id": "1", "object_repr": "Dennis Ivanov", "action_flag": 2, "change_message": "[{\"changed\": {\"fields\": [\"Name\", \"Email\"]}}]"}}, {"model": "admin.logentry", "pk": 19, "fields": {"action_time": "2020-04-22T19:58:31.628Z", "user": 1, "content_type": 8, "object_id": "1", "object_repr": "1", "action_flag": 1, "change_message": "[{\"added\": {}}]"}}, {"model": "admin.logentry", "pk": 20, "fields": {"action_time": "2020-04-22T20:29:18.753Z", "user": 1, "content_type": 11, "object_id": "1", "object_repr": "OrderItem object (1)", "action_flag": 1, "change_message": "[{\"added\": {}}]"}}, {"model": "admin.logentry", "pk": 21, "fields": {"action_time": "2020-04-22T20:29:32.606Z", "user": 1, "content_type": 11, "object_id": "2", "object_repr": "OrderItem object (2)", "action_flag": 1, "change_message": "[{\"added\": {}}]"}}, {"model": "admin.logentry", "pk": 22, "fields": {"action_time": "2020-04-22T20:29:48.117Z", "user": 1, "content_type": 11, "object_id": "2", "object_repr": "OrderItem object (2)", "action_flag": 2, "change_message": "[{\"changed\": {\"fields\": [\"Product\"]}}]"}}, {"model": "admin.logentry", "pk": 23, "fields": {"action_time": "2020-04-23T00:45:10.681Z", "user": 1, "content_type": 11, "object_id": "3", "object_repr": "OrderItem object (3)", "action_flag": 3, "change_message": ""}}, {"model": "admin.logentry", "pk": 24, "fields": {"action_time": "2024-06-26T14:13:12.820Z", "user": 2, "content_type": 7, "object_id": "6", "object_repr": "newuser1", "action_flag": 2, "change_message": "[{\"changed\": {\"fields\": [\"User\"]}}]"}}, {"model": "admin.logentry", "pk": 25, "fields": {"action_time": "2024-06-26T14:13:23.009Z", "user": 2, "content_type": 7, "object_id": "5", "object_repr": "Final Test", "action_flag": 2, "change_message": "[]"}}, {"model": "admin.logentry", "pk": 26, "fields": {"action_time": "2024-06-26T14:13:28.799Z", "user": 2, "content_type": 7, "object_id": "4", "object_repr": "Moms House", "action_flag": 2, "change_message": "[]"}}, {"model": "admin.logentry", "pk": 27, "fields": {"action_time": "2024-06-26T17:16:27.399Z", "user": 2, "content_type": 9, "object_id": "6", "object_repr": "T-Shirt", "action_flag": 2, "change_message": "[{\"changed\": {\"fields\": [\"Image\"]}}]"}}, {"model": "admin.logentry", "pk": 28, "fields": {"action_time": "2024-06-26T17:16:59.495Z", "user": 2, "content_type": 9, "object_id": "6", "object_repr": "T-Shirt", "action_flag": 2, "change_message": "[{\"changed\": {\"fields\": [\"Image\"]}}]"}}, {"model": "admin.logentry", "pk": 29, "fields": {"action_time": "2024-06-27T05:05:58.153Z", "user": 2, "content_type": 9, "object_id": "7", "object_repr": "radom", "action_flag": 1, "change_message": "[{\"added\": {}}]"}}, {"model": "admin.logentry", "pk": 30, "fields": {"action_time": "2024-06-27T05:06:22.356Z", "user": 2, "content_type": 9, "object_id": "7", "object_repr": "radom", "action_flag": 3, "change_message": ""}}, {"model": "admin.logentry", "pk": 31, "fields": {"action_time": "2024-06-27T21:03:16.300Z", "user": 2, "content_type": 9, "object_id": "8", "object_repr": "Science Fiction", "action_flag": 3, "change_message": ""}}, {"model": "admin.logentry", "pk": 32, "fields": {"action_time": "2024-06-28T01:23:05.035Z", "user": 2, "content_type": 7, "object_id": "7", "object_repr": "kakakaka", "action_flag": 2, "change_message": "[{\"changed\": {\"fields\": [\"Cus code\", \"Segment code\", \"Segment decription\"]}}]"}}, {"model": "admin.logentry", "pk": 33, "fields": {"action_time": "2024-06-28T01:38:36.608Z", "user": 2, "content_type": 9, "object_id": "1", "object_repr": "Headphones", "action_flag": 2, "change_message": "[{\"changed\": {\"fields\": [\"Code\", \"Group code\", \"Group name\"]}}]"}}, {"model": "admin.logentry", "pk": 34, "fields": {"action_time": "2024-06-28T01:52:32.140Z", "user": 2, "content_type": 8, "object_id": "1", "object_repr": "1", "action_flag": 2, "change_message": "[{\"changed\": {\"fields\": [\"Code\"]}}]"}}, {"model": "admin.logentry", "pk": 35, "fields": {"action_time": "2024-06-28T02:16:05.356Z", "user": 2, "content_type": 9, "object_id": "10", "object_repr": "Science Fiction", "action_flag": 3, "change_message": ""}}, {"model": "admin.logentry", "pk": 36, "fields": {"action_time": "2024-06-28T03:01:39.440Z", "user": 2, "content_type": 9, "object_id": "11", "object_repr": "Science Fiction", "action_flag": 3, "change_message": ""}}, {"model": "admin.logentry", "pk": 37, "fields": {"action_time": "2024-06-28T03:01:39.453Z", "user": 2, "content_type": 9, "object_id": "9", "object_repr": "Science Fiction", "action_flag": 3, "change_message": ""}}, {"model": "admin.logentry", "pk": 38, "fields": {"action_time": "2024-06-28T03:01:39.461Z", "user": 2, "content_type": 9, "object_id": "6", "object_repr": "T-Shirt", "action_flag": 3, "change_message": ""}}, {"model": "admin.logentry", "pk": 39, "fields": {"action_time": "2024-06-28T03:01:39.462Z", "user": 2, "content_type": 9, "object_id": "5", "object_repr": "Shoes", "action_flag": 3, "change_message": ""}}, {"model": "admin.logentry", "pk": 40, "fields": {"action_time": "2024-06-28T03:01:39.469Z", "user": 2, "content_type": 9, "object_id": "4", "object_repr": "Watch", "action_flag": 3, "change_message": ""}}, {"model": "admin.logentry", "pk": 41, "fields": {"action_time": "2024-06-28T03:01:39.478Z", "user": 2, "content_type": 9, "object_id": "3", "object_repr": "Project Source Code", "action_flag": 3, "change_message": ""}}, {"model": "admin.logentry", "pk": 42, "fields": {"action_time": "2024-06-28T03:01:39.485Z", "user": 2, "content_type": 9, "object_id": "2", "object_repr": "Mount of Olive's Book", "action_flag": 3, "change_message": ""}}, {"model": "admin.logentry", "pk": 43, "fields": {"action_time": "2024-06-28T03:01:39.493Z", "user": 2, "content_type": 9, "object_id": "1", "object_repr": "Headphones", "action_flag": 3, "change_message": ""}}, {"model": "admin.logentry", "pk": 44, "fields": {"action_time": "2024-06-28T03:01:45.650Z", "user": 2, "content_type": 8, "object_id": "24", "object_repr": "24", "action_flag": 3, "change_message": ""}}, {"model": "admin.logentry", "pk": 45, "fields": {"action_time": "2024-06-28T03:01:45.655Z", "user": 2, "content_type": 8, "object_id": "23", "object_repr": "23", "action_flag": 3, "change_message": ""}}, {"model": "admin.logentry", "pk": 46, "fields": {"action_time": "2024-06-28T03:01:45.666Z", "user": 2, "content_type": 8, "object_id": "22", "object_repr": "22", "action_flag": 3, "change_message": ""}}, {"model": "admin.logentry", "pk": 47, "fields": {"action_time": "2024-06-28T03:01:45.671Z", "user": 2, "content_type": 8, "object_id": "21", "object_repr": "21", "action_flag": 3, "change_message": ""}}, {"model": "admin.logentry", "pk": 48, "fields": {"action_time": "2024-06-28T03:01:45.682Z", "user": 2, "content_type": 8, "object_id": "20", "object_repr": "20", "action_flag": 3, "change_message": ""}}, {"model": "admin.logentry", "pk": 49, "fields": {"action_time": "2024-06-28T03:01:45.687Z", "user": 2, "content_type": 8, "object_id": "19", "object_repr": "19", "action_flag": 3, "change_message": ""}}, {"model": "admin.logentry", "pk": 50, "fields": {"action_time": "2024-06-28T03:01:45.696Z", "user": 2, "content_type": 8, "object_id": "18", "object_repr": "18", "action_flag": 3, "change_message": ""}}, {"model": "admin.logentry", "pk": 51, "fields": {"action_time": "2024-06-28T03:01:45.704Z", "user": 2, "content_type": 8, "object_id": "17", "object_repr": "17", "action_flag": 3, "change_message": ""}}, {"model": "admin.logentry", "pk": 52, "fields": {"action_time": "2024-06-28T03:01:45.709Z", "user": 2, "content_type": 8, "object_id": "16", "object_repr": "16", "action_flag": 3, "change_message": ""}}, {"model": "admin.logentry", "pk": 53, "fields": {"action_time": "2024-06-28T03:01:45.717Z", "user": 2, "content_type": 8, "object_id": "15", "object_repr": "15", "action_flag": 3, "change_message": ""}}, {"model": "admin.logentry", "pk": 54, "fields": {"action_time": "2024-06-28T03:01:45.720Z", "user": 2, "content_type": 8, "object_id": "14", "object_repr": "14", "action_flag": 3, "change_message": ""}}, {"model": "admin.logentry", "pk": 55, "fields": {"action_time": "2024-06-28T03:01:45.728Z", "user": 2, "content_type": 8, "object_id": "13", "object_repr": "13", "action_flag": 3, "change_message": ""}}, {"model": "admin.logentry", "pk": 56, "fields": {"action_time": "2024-06-28T03:01:45.736Z", "user": 2, "content_type": 8, "object_id": "12", "object_repr": "12", "action_flag": 3, "change_message": ""}}, {"model": "admin.logentry", "pk": 57, "fields": {"action_time": "2024-06-28T03:01:45.744Z", "user": 2, "content_type": 8, "object_id": "11", "object_repr": "11", "action_flag": 3, "change_message": ""}}, {"model": "admin.logentry", "pk": 58, "fields": {"action_time": "2024-06-28T03:01:45.753Z", "user": 2, "content_type": 8, "object_id": "10", "object_repr": "10", "action_flag": 3, "change_message": ""}}, {"model": "admin.logentry", "pk": 59, "fields": {"action_time": "2024-06-28T03:01:45.761Z", "user": 2, "content_type": 8, "object_id": "9", "object_repr": "9", "action_flag": 3, "change_message": ""}}, {"model": "admin.logentry", "pk": 60, "fields": {"action_time": "2024-06-28T03:01:45.770Z", "user": 2, "content_type": 8, "object_id": "8", "object_repr": "8", "action_flag": 3, "change_message": ""}}, {"model": "admin.logentry", "pk": 61, "fields": {"action_time": "2024-06-28T03:01:45.773Z", "user": 2, "content_type": 8, "object_id": "7", "object_repr": "7", "action_flag": 3, "change_message": ""}}, {"model": "admin.logentry", "pk": 62, "fields": {"action_time": "2024-06-28T03:01:45.783Z", "user": 2, "content_type": 8, "object_id": "6", "object_repr": "6", "action_flag": 3, "change_message": ""}}, {"model": "admin.logentry", "pk": 63, "fields": {"action_time": "2024-06-28T03:01:45.786Z", "user": 2, "content_type": 8, "object_id": "5", "object_repr": "5", "action_flag": 3, "change_message": ""}}, {"model": "admin.logentry", "pk": 64, "fields": {"action_time": "2024-06-28T03:01:45.800Z", "user": 2, "content_type": 8, "object_id": "4", "object_repr": "4", "action_flag": 3, "change_message": ""}}, {"model": "admin.logentry", "pk": 65, "fields": {"action_time": "2024-06-28T03:01:45.803Z", "user": 2, "content_type": 8, "object_id": "3", "object_repr": "3", "action_flag": 3, "change_message": ""}}, {"model": "admin.logentry", "pk": 66, "fields": {"action_time": "2024-06-28T03:01:45.818Z", "user": 2, "content_type": 8, "object_id": "2", "object_repr": "2", "action_flag": 3, "change_message": ""}}, {"model": "admin.logentry", "pk": 67, "fields": {"action_time": "2024-06-28T03:01:45.824Z", "user": 2, "content_type": 8, "object_id": "1", "object_repr": "1", "action_flag": 3, "change_message": ""}}, {"model": "admin.logentry", "pk": 68, "fields": {"action_time": "2024-06-28T03:01:54.796Z", "user": 2, "content_type": 10, "object_id": "23", "object_repr": "", "action_flag": 3, "change_message": ""}}, {"model": "admin.logentry", "pk": 69, "fields": {"action_time": "2024-06-28T03:01:54.809Z", "user": 2, "content_type": 10, "object_id": "22", "object_repr": "", "action_flag": 3, "change_message": ""}}, {"model": "admin.logentry", "pk": 70, "fields": {"action_time": "2024-06-28T03:01:54.817Z", "user": 2, "content_type": 10, "object_id": "21", "object_repr": "ly tu tron", "action_flag": 3, "change_message": ""}}, {"model": "admin.logentry", "pk": 71, "fields": {"action_time": "2024-06-28T03:01:54.825Z", "user": 2, "content_type": 10, "object_id": "20", "object_repr": "ly tu tron", "action_flag": 3, "change_message": ""}}, {"model": "admin.logentry", "pk": 72, "fields": {"action_time": "2024-06-28T03:01:54.829Z", "user": 2, "content_type": 10, "object_id": "19", "object_repr": "asdfasdf", "action_flag": 3, "change_message": ""}}, {"model": "admin.logentry", "pk": 73, "fields": {"action_time": "2024-06-28T03:01:54.838Z", "user": 2, "content_type": 10, "object_id": "18", "object_repr": "asdfasdf", "action_flag": 3, "change_message": ""}}, {"model": "admin.logentry", "pk": 74, "fields": {"action_time": "2024-06-28T03:01:54.844Z", "user": 2, "content_type": 10, "object_id": "17", "object_repr": "ly tu tron", "action_flag": 3, "change_message": ""}}, {"model": "admin.logentry", "pk": 75, "fields": {"action_time": "2024-06-28T03:01:54.853Z", "user": 2, "content_type": 10, "object_id": "16", "object_repr": "", "action_flag": 3, "change_message": ""}}, {"model": "admin.logentry", "pk": 76, "fields": {"action_time": "2024-06-28T03:01:54.861Z", "user": 2, "content_type": 10, "object_id": "15", "object_repr": "", "action_flag": 3, "change_message": ""}}, {"model": "admin.logentry", "pk": 77, "fields": {"action_time": "2024-06-28T03:01:54.866Z", "user": 2, "content_type": 10, "object_id": "14", "object_repr": "", "action_flag": 3, "change_message": ""}}, {"model": "admin.logentry", "pk": 78, "fields": {"action_time": "2024-06-28T03:01:54.877Z", "user": 2, "content_type": 10, "object_id": "13", "object_repr": "ly tu tron", "action_flag": 3, "change_message": ""}}, {"model": "admin.logentry", "pk": 79, "fields": {"action_time": "2024-06-28T03:01:54.882Z", "user": 2, "content_type": 10, "object_id": "12", "object_repr": "ly tu tron", "action_flag": 3, "change_message": ""}}, {"model": "admin.logentry", "pk": 80, "fields": {"action_time": "2024-06-28T03:01:54.890Z", "user": 2, "content_type": 10, "object_id": "11", "object_repr": "ly tu tron", "action_flag": 3, "change_message": ""}}, {"model": "admin.logentry", "pk": 81, "fields": {"action_time": "2024-06-28T03:01:54.899Z", "user": 2, "content_type": 10, "object_id": "10", "object_repr": "", "action_flag": 3, "change_message": ""}}, {"model": "admin.logentry", "pk": 82, "fields": {"action_time": "2024-06-28T03:01:54.907Z", "user": 2, "content_type": 10, "object_id": "9", "object_repr": "", "action_flag": 3, "change_message": ""}}, {"model": "admin.logentry", "pk": 83, "fields": {"action_time": "2024-06-28T03:01:54.909Z", "user": 2, "content_type": 10, "object_id": "8", "object_repr": "", "action_flag": 3, "change_message": ""}}, {"model": "admin.logentry", "pk": 84, "fields": {"action_time": "2024-06-28T03:01:54.917Z", "user": 2, "content_type": 10, "object_id": "7", "object_repr": "16000", "action_flag": 3, "change_message": ""}}, {"model": "admin.logentry", "pk": 85, "fields": {"action_time": "2024-06-28T03:01:54.925Z", "user": 2, "content_type": 10, "object_id": "6", "object_repr": "16000", "action_flag": 3, "change_message": ""}}, {"model": "admin.logentry", "pk": 86, "fields": {"action_time": "2024-06-28T03:01:54.933Z", "user": 2, "content_type": 10, "object_id": "5", "object_repr": "11806 NE 128th Place", "action_flag": 3, "change_message": ""}}, {"model": "admin.logentry", "pk": 87, "fields": {"action_time": "2024-06-28T03:01:54.941Z", "user": 2, "content_type": 10, "object_id": "4", "object_repr": "915 Jefferson Street", "action_flag": 3, "change_message": ""}}, {"model": "admin.logentry", "pk": 88, "fields": {"action_time": "2024-06-28T03:01:54.949Z", "user": 2, "content_type": 10, "object_id": "3", "object_repr": "2911 NE Cherry RD", "action_flag": 3, "change_message": ""}}, {"model": "admin.logentry", "pk": 89, "fields": {"action_time": "2024-06-28T03:01:54.949Z", "user": 2, "content_type": 10, "object_id": "2", "object_repr": "915 Jefferson Street", "action_flag": 3, "change_message": ""}}, {"model": "admin.logentry", "pk": 90, "fields": {"action_time": "2024-06-28T03:01:54.960Z", "user": 2, "content_type": 10, "object_id": "1", "object_repr": "2134567", "action_flag": 3, "change_message": ""}}, {"model": "admin.logentry", "pk": 91, "fields": {"action_time": "2024-06-28T03:02:00.850Z", "user": 2, "content_type": 11, "object_id": "62", "object_repr": "62", "action_flag": 3, "change_message": ""}}, {"model": "admin.logentry", "pk": 92, "fields": {"action_time": "2024-06-28T03:02:00.858Z", "user": 2, "content_type": 11, "object_id": "61", "object_repr": "61", "action_flag": 3, "change_message": ""}}, {"model": "admin.logentry", "pk": 93, "fields": {"action_time": "2024-06-28T03:02:00.866Z", "user": 2, "content_type": 11, "object_id": "60", "object_repr": "60", "action_flag": 3, "change_message": ""}}, {"model": "admin.logentry", "pk": 94, "fields": {"action_time": "2024-06-28T03:02:00.874Z", "user": 2, "content_type": 11, "object_id": "59", "object_repr": "59", "action_flag": 3, "change_message": ""}}, {"model": "admin.logentry", "pk": 95, "fields": {"action_time": "2024-06-28T03:02:00.883Z", "user": 2, "content_type": 11, "object_id": "58", "object_repr": "58", "action_flag": 3, "change_message": ""}}, {"model": "admin.logentry", "pk": 96, "fields": {"action_time": "2024-06-28T03:02:00.891Z", "user": 2, "content_type": 11, "object_id": "57", "object_repr": "57", "action_flag": 3, "change_message": ""}}, {"model": "admin.logentry", "pk": 97, "fields": {"action_time": "2024-06-28T03:02:00.899Z", "user": 2, "content_type": 11, "object_id": "56", "object_repr": "56", "action_flag": 3, "change_message": ""}}, {"model": "admin.logentry", "pk": 98, "fields": {"action_time": "2024-06-28T03:02:00.907Z", "user": 2, "content_type": 11, "object_id": "55", "object_repr": "55", "action_flag": 3, "change_message": ""}}, {"model": "admin.logentry", "pk": 99, "fields": {"action_time": "2024-06-28T03:02:00.908Z", "user": 2, "content_type": 11, "object_id": "54", "object_repr": "54", "action_flag": 3, "change_message": ""}}, {"model": "admin.logentry", "pk": 100, "fields": {"action_time": "2024-06-28T03:02:00.915Z", "user": 2, "content_type": 11, "object_id": "53", "object_repr": "53", "action_flag": 3, "change_message": ""}}, {"model": "admin.logentry", "pk": 101, "fields": {"action_time": "2024-06-28T03:02:00.928Z", "user": 2, "content_type": 11, "object_id": "52", "object_repr": "52", "action_flag": 3, "change_message": ""}}, {"model": "admin.logentry", "pk": 102, "fields": {"action_time": "2024-06-28T03:02:00.932Z", "user": 2, "content_type": 11, "object_id": "51", "object_repr": "51", "action_flag": 3, "change_message": ""}}, {"model": "admin.logentry", "pk": 103, "fields": {"action_time": "2024-06-28T03:02:00.941Z", "user": 2, "content_type": 11, "object_id": "50", "object_repr": "50", "action_flag": 3, "change_message": ""}}, {"model": "admin.logentry", "pk": 104, "fields": {"action_time": "2024-06-28T03:02:00.941Z", "user": 2, "content_type": 11, "object_id": "49", "object_repr": "49", "action_flag": 3, "change_message": ""}}, {"model": "admin.logentry", "pk": 105, "fields": {"action_time": "2024-06-28T03:02:00.961Z", "user": 2, "content_type": 11, "object_id": "48", "object_repr": "48", "action_flag": 3, "change_message": ""}}, {"model": "admin.logentry", "pk": 106, "fields": {"action_time": "2024-06-28T03:02:00.961Z", "user": 2, "content_type": 11, "object_id": "47", "object_repr": "47", "action_flag": 3, "change_message": ""}}, {"model": "admin.logentry", "pk": 107, "fields": {"action_time": "2024-06-28T03:02:00.974Z", "user": 2, "content_type": 11, "object_id": "37", "object_repr": "37", "action_flag": 3, "change_message": ""}}, {"model": "admin.logentry", "pk": 108, "fields": {"action_time": "2024-06-28T03:02:00.979Z", "user": 2, "content_type": 11, "object_id": "36", "object_repr": "36", "action_flag": 3, "change_message": ""}}, {"model": "admin.logentry", "pk": 109, "fields": {"action_time": "2024-06-28T03:02:00.991Z", "user": 2, "content_type": 11, "object_id": "34", "object_repr": "34", "action_flag": 3, "change_message": ""}}, {"model": "admin.logentry", "pk": 110, "fields": {"action_time": "2024-06-28T03:02:00.997Z", "user": 2, "content_type": 11, "object_id": "26", "object_repr": "26", "action_flag": 3, "change_message": ""}}, {"model": "admin.logentry", "pk": 111, "fields": {"action_time": "2024-06-28T03:02:01.004Z", "user": 2, "content_type": 11, "object_id": "25", "object_repr": "25", "action_flag": 3, "change_message": ""}}, {"model": "admin.logentry", "pk": 112, "fields": {"action_time": "2024-06-28T03:02:01.008Z", "user": 2, "content_type": 11, "object_id": "24", "object_repr": "24", "action_flag": 3, "change_message": ""}}, {"model": "admin.logentry", "pk": 113, "fields": {"action_time": "2024-06-28T03:02:01.020Z", "user": 2, "content_type": 11, "object_id": "23", "object_repr": "23", "action_flag": 3, "change_message": ""}}, {"model": "admin.logentry", "pk": 114, "fields": {"action_time": "2024-06-28T03:02:01.029Z", "user": 2, "content_type": 11, "object_id": "22", "object_repr": "22", "action_flag": 3, "change_message": ""}}, {"model": "admin.logentry", "pk": 115, "fields": {"action_time": "2024-06-28T03:02:01.036Z", "user": 2, "content_type": 11, "object_id": "21", "object_repr": "21", "action_flag": 3, "change_message": ""}}, {"model": "admin.logentry", "pk": 116, "fields": {"action_time": "2024-06-28T03:02:01.041Z", "user": 2, "content_type": 11, "object_id": "20", "object_repr": "20", "action_flag": 3, "change_message": ""}}, {"model": "admin.logentry", "pk": 117, "fields": {"action_time": "2024-06-28T03:02:01.044Z", "user": 2, "content_type": 11, "object_id": "19", "object_repr": "19", "action_flag": 3, "change_message": ""}}, {"model": "admin.logentry", "pk": 118, "fields": {"action_time": "2024-06-28T03:02:01.052Z", "user": 2, "content_type": 11, "object_id": "18", "object_repr": "18", "action_flag": 3, "change_message": ""}}, {"model": "admin.logentry", "pk": 119, "fields": {"action_time": "2024-06-28T03:02:01.060Z", "user": 2, "content_type": 11, "object_id": "17", "object_repr": "17", "action_flag": 3, "change_message": ""}}, {"model": "admin.logentry", "pk": 120, "fields": {"action_time": "2024-06-28T03:02:01.060Z", "user": 2, "content_type": 11, "object_id": "16", "object_repr": "16", "action_flag": 3, "change_message": ""}}, {"model": "admin.logentry", "pk": 121, "fields": {"action_time": "2024-06-28T03:02:01.068Z", "user": 2, "content_type": 11, "object_id": "15", "object_repr": "15", "action_flag": 3, "change_message": ""}}, {"model": "admin.logentry", "pk": 122, "fields": {"action_time": "2024-06-28T03:02:01.074Z", "user": 2, "content_type": 11, "object_id": "14", "object_repr": "14", "action_flag": 3, "change_message": ""}}, {"model": "admin.logentry", "pk": 123, "fields": {"action_time": "2024-06-28T03:02:01.084Z", "user": 2, "content_type": 11, "object_id": "13", "object_repr": "13", "action_flag": 3, "change_message": ""}}, {"model": "admin.logentry", "pk": 124, "fields": {"action_time": "2024-06-28T03:02:01.091Z", "user": 2, "content_type": 11, "object_id": "12", "object_repr": "12", "action_flag": 3, "change_message": ""}}, {"model": "admin.logentry", "pk": 125, "fields": {"action_time": "2024-06-28T03:02:01.092Z", "user": 2, "content_type": 11, "object_id": "9", "object_repr": "9", "action_flag": 3, "change_message": ""}}, {"model": "admin.logentry", "pk": 126, "fields": {"action_time": "2024-06-28T03:06:14.136Z", "user": 2, "content_type": 9, "object_id": "12", "object_repr": "Bột cần tây", "action_flag": 1, "change_message": "[{\"added\": {}}]"}}, {"model": "admin.logentry", "pk": 127, "fields": {"action_time": "2024-06-28T03:07:03.196Z", "user": 2, "content_type": 9, "object_id": "13", "object_repr": "Set 10 gòi trà hoa cúc trắng", "action_flag": 1, "change_message": "[{\"added\": {}}]"}}, {"model": "admin.logentry", "pk": 128, "fields": {"action_time": "2024-06-28T03:08:05.433Z", "user": 2, "content_type": 9, "object_id": "14", "object_repr": "Trà hoa artiso", "action_flag": 1, "change_message": "[{\"added\": {}}]"}}, {"model": "admin.logentry", "pk": 129, "fields": {"action_time": "2024-06-28T03:08:58.517Z", "user": 2, "content_type": 9, "object_id": "15", "object_repr": "Trà gừng", "action_flag": 1, "change_message": "[{\"added\": {}}]"}}, {"model": "admin.logentry", "pk": 130, "fields": {"action_time": "2024-06-28T03:09:57.032Z", "user": 2, "content_type": 9, "object_id": "16", "object_repr": "Trà gừng", "action_flag": 1, "change_message": "[{\"added\": {}}]"}}, {"model": "admin.logentry", "pk": 131, "fields": {"action_time": "2024-06-28T03:11:15.197Z", "user": 2, "content_type": 9, "object_id": "17", "object_repr": "Set 10 gói trà cam sả quế", "action_flag": 1, "change_message": "[{\"added\": {}}]"}}, {"model": "admin.logentry", "pk": 132, "fields": {"action_time": "2024-06-28T03:15:54.588Z", "user": 2, "content_type": 8, "object_id": "26", "object_repr": "26", "action_flag": 2, "change_message": "[{\"changed\": {\"fields\": [\"Transaction id\", \"Code\"]}}]"}}, {"model": "admin.logentry", "pk": 133, "fields": {"action_time": "2024-06-28T03:16:39.013Z", "user": 2, "content_type": 8, "object_id": "25", "object_repr": "25", "action_flag": 2, "change_message": "[{\"changed\": {\"fields\": [\"Code\"]}}]"}}, {"model": "admin.logentry", "pk": 134, "fields": {"action_time": "2024-06-28T03:22:08.451Z", "user": 2, "content_type": 7, "object_id": "10", "object_repr": "English man", "action_flag": 3, "change_message": ""}}, {"model": "admin.logentry", "pk": 135, "fields": {"action_time": "2024-06-28T03:22:15.945Z", "user": 2, "content_type": 7, "object_id": "9", "object_repr": "English man", "action_flag": 3, "change_message": ""}}, {"model": "admin.logentry", "pk": 136, "fields": {"action_time": "2024-06-28T03:22:41.249Z", "user": 2, "content_type": 7, "object_id": "7", "object_repr": "kakakaka", "action_flag": 3, "change_message": ""}}, {"model": "admin.logentry", "pk": 137, "fields": {"action_time": "2024-06-28T03:23:45.234Z", "user": 2, "content_type": 7, "object_id": "1", "object_repr": "Dennis Ivanov", "action_flag": 2, "change_message": "[{\"changed\": {\"fields\": [\"Cus code\", \"Segment code\", \"Segment decription\"]}}]"}}, {"model": "admin.logentry", "pk": 138, "fields": {"action_time": "2024-06-28T03:24:02.324Z", "user": 2, "content_type": 7, "object_id": "2", "object_repr": "dennistest", "action_flag": 2, "change_message": "[{\"changed\": {\"fields\": [\"Cus code\", \"Segment code\", \"Segment decription\"]}}]"}}, {"model": "admin.logentry", "pk": 139, "fields": {"action_time": "2024-06-28T03:24:13.464Z", "user": 2, "content_type": 7, "object_id": "3", "object_repr": "Flash Point", "action_flag": 2, "change_message": "[{\"changed\": {\"fields\": [\"Cus code\", \"Segment code\", \"Segment decription\"]}}]"}}, {"model": "admin.logentry", "pk": 140, "fields": {"action_time": "2024-06-28T03:24:27.469Z", "user": 2, "content_type": 7, "object_id": "4", "object_repr": "Moms House", "action_flag": 2, "change_message": "[{\"changed\": {\"fields\": [\"Cus code\", \"Segment code\", \"Segment decription\"]}}]"}}, {"model": "admin.logentry", "pk": 141, "fields": {"action_time": "2024-06-28T03:24:45.985Z", "user": 2, "content_type": 7, "object_id": "5", "object_repr": "Final Test", "action_flag": 2, "change_message": "[{\"changed\": {\"fields\": [\"Cus code\", \"Segment code\", \"Segment decription\"]}}]"}}, {"model": "admin.logentry", "pk": 142, "fields": {"action_time": "2024-06-28T03:25:10.320Z", "user": 2, "content_type": 7, "object_id": "6", "object_repr": "newuser1", "action_flag": 2, "change_message": "[{\"changed\": {\"fields\": [\"Cus code\", \"Segment code\", \"Segment decription\"]}}]"}}, {"model": "admin.logentry", "pk": 143, "fields": {"action_time": "2024-06-28T03:25:18.426Z", "user": 2, "content_type": 7, "object_id": "11", "object_repr": "English man", "action_flag": 3, "change_message": ""}}, {"model": "admin.logentry", "pk": 144, "fields": {"action_time": "2024-06-28T03:25:18.437Z", "user": 2, "content_type": 7, "object_id": "8", "object_repr": "nguyen van A", "action_flag": 3, "change_message": ""}}, {"model": "admin.logentry", "pk": 145, "fields": {"action_time": "2024-06-28T03:25:36.495Z", "user": 2, "content_type": 7, "object_id": "6", "object_repr": "newuser1", "action_flag": 2, "change_message": "[{\"changed\": {\"fields\": [\"Cus code\"]}}]"}}, {"model": "admin.logentry", "pk": 146, "fields": {"action_time": "2024-06-28T03:26:35.073Z", "user": 2, "content_type": 8, "object_id": "27", "object_repr": "27", "action_flag": 1, "change_message": "[{\"added\": {}}]"}}, {"model": "admin.logentry", "pk": 147, "fields": {"action_time": "2024-06-28T03:26:53.522Z", "user": 2, "content_type": 11, "object_id": "69", "object_repr": "69", "action_flag": 1, "change_message": "[{\"added\": {}}]"}}, {"model": "admin.logentry", "pk": 148, "fields": {"action_time": "2024-06-28T03:28:03.550Z", "user": 2, "content_type": 8, "object_id": "28", "object_repr": "28", "action_flag": 1, "change_message": "[{\"added\": {}}]"}}, {"model": "admin.logentry", "pk": 149, "fields": {"action_time": "2024-06-28T03:28:25.751Z", "user": 2, "content_type": 11, "object_id": "70", "object_repr": "70", "action_flag": 1, "change_message": "[{\"added\": {}}]"}}, {"model": "admin.logentry", "pk": 150, "fields": {"action_time": "2024-06-28T03:29:14.754Z", "user": 2, "content_type": 8, "object_id": "29", "object_repr": "29", "action_flag": 1, "change_message": "[{\"added\": {}}]"}}, {"model": "admin.logentry", "pk": 151, "fields": {"action_time": "2024-06-28T03:29:28.577Z", "user": 2, "content_type": 11, "object_id": "71", "object_repr": "71", "action_flag": 1, "change_message": "[{\"added\": {}}]"}}, {"model": "admin.logentry", "pk": 152, "fields": {"action_time": "2024-06-28T03:29:49.659Z", "user": 2, "content_type": 8, "object_id": "30", "object_repr": "30", "action_flag": 1, "change_message": "[{\"added\": {}}]"}}, {"model": "admin.logentry", "pk": 153, "fields": {"action_time": "2024-06-28T03:29:58.163Z", "user": 2, "content_type": 11, "object_id": "72", "object_repr": "72", "action_flag": 1, "change_message": "[{\"added\": {}}]"}}, {"model": "admin.logentry", "pk": 154, "fields": {"action_time": "2024-06-28T03:30:13.058Z", "user": 2, "content_type": 8, "object_id": "31", "object_repr": "31", "action_flag": 1, "change_message": "[{\"added\": {}}]"}}, {"model": "admin.logentry", "pk": 155, "fields": {"action_time": "2024-06-28T03:30:23.297Z", "user": 2, "content_type": 11, "object_id": "73", "object_repr": "73", "action_flag": 1, "change_message": "[{\"added\": {}}]"}}, {"model": "admin.logentry", "pk": 156, "fields": {"action_time": "2024-06-28T03:32:08.267Z", "user": 2, "content_type": 8, "object_id": "27", "object_repr": "27", "action_flag": 2, "change_message": "[{\"changed\": {\"fields\": [\"Code\"]}}]"}}, {"model": "admin.logentry", "pk": 157, "fields": {"action_time": "2024-06-28T03:32:12.816Z", "user": 2, "content_type": 8, "object_id": "28", "object_repr": "28", "action_flag": 2, "change_message": "[{\"changed\": {\"fields\": [\"Code\"]}}]"}}, {"model": "admin.logentry", "pk": 158, "fields": {"action_time": "2024-06-28T03:32:31.654Z", "user": 2, "content_type": 8, "object_id": "31", "object_repr": "31", "action_flag": 2, "change_message": "[]"}}, {"model": "admin.logentry", "pk": 159, "fields": {"action_time": "2024-06-28T03:32:44.513Z", "user": 2, "content_type": 8, "object_id": "31", "object_repr": "31", "action_flag": 2, "change_message": "[{\"changed\": {\"fields\": [\"Code\"]}}]"}}, {"model": "admin.logentry", "pk": 160, "fields": {"action_time": "2024-06-28T03:45:23.522Z", "user": 2, "content_type": 8, "object_id": "33", "object_repr": "33", "action_flag": 3, "change_message": ""}}, {"model": "admin.logentry", "pk": 161, "fields": {"action_time": "2024-06-28T03:45:23.532Z", "user": 2, "content_type": 8, "object_id": "32", "object_repr": "32", "action_flag": 3, "change_message": ""}}, {"model": "admin.logentry", "pk": 162, "fields": {"action_time": "2024-06-28T03:46:04.178Z", "user": 2, "content_type": 11, "object_id": "77", "object_repr": "77", "action_flag": 2, "change_message": "[{\"changed\": {\"fields\": [\"Order\"]}}]"}}, {"model": "admin.logentry", "pk": 163, "fields": {"action_time": "2024-06-28T03:46:07.226Z", "user": 2, "content_type": 11, "object_id": "76", "object_repr": "76", "action_flag": 2, "change_message": "[{\"changed\": {\"fields\": [\"Order\"]}}]"}}, {"model": "admin.logentry", "pk": 164, "fields": {"action_time": "2024-06-28T03:50:23.559Z", "user": 2, "content_type": 9, "object_id": "20", "object_repr": "bột sắn siêu cấp", "action_flag": 3, "change_message": ""}}, {"model": "admin.logentry", "pk": 165, "fields": {"action_time": "2024-07-01T18:20:46.214Z", "user": 2, "content_type": 9, "object_id": "24", "object_repr": "Science Fiction", "action_flag": 3, "change_message": ""}}, {"model": "admin.logentry", "pk": 166, "fields": {"action_time": "2024-07-01T18:20:46.222Z", "user": 2, "content_type": 9, "object_id": "23", "object_repr": "Science Fiction", "action_flag": 3, "change_message": ""}}, {"model": "admin.logentry", "pk": 167, "fields": {"action_time": "2024-07-01T18:20:46.228Z", "user": 2, "content_type": 9, "object_id": "22", "object_repr": "nothing man ", "action_flag": 3, "change_message": ""}}, {"model": "auth.permission", "pk": 1, "fields": {"name": "Can add log entry", "content_type": 1, "codename": "add_logentry"}}, {"model": "auth.permission", "pk": 2, "fields": {"name": "Can change log entry", "content_type": 1, "codename": "change_logentry"}}, {"model": "auth.permission", "pk": 3, "fields": {"name": "Can delete log entry", "content_type": 1, "codename": "delete_logentry"}}, {"model": "auth.permission", "pk": 4, "fields": {"name": "Can view log entry", "content_type": 1, "codename": "view_logentry"}}, {"model": "auth.permission", "pk": 5, "fields": {"name": "Can add permission", "content_type": 2, "codename": "add_permission"}}, {"model": "auth.permission", "pk": 6, "fields": {"name": "Can change permission", "content_type": 2, "codename": "change_permission"}}, {"model": "auth.permission", "pk": 7, "fields": {"name": "Can delete permission", "content_type": 2, "codename": "delete_permission"}}, {"model": "auth.permission", "pk": 8, "fields": {"name": "Can view permission", "content_type": 2, "codename": "view_permission"}}, {"model": "auth.permission", "pk": 9, "fields": {"name": "Can add group", "content_type": 3, "codename": "add_group"}}, {"model": "auth.permission", "pk": 10, "fields": {"name": "Can change group", "content_type": 3, "codename": "change_group"}}, {"model": "auth.permission", "pk": 11, "fields": {"name": "Can delete group", "content_type": 3, "codename": "delete_group"}}, {"model": "auth.permission", "pk": 12, "fields": {"name": "Can view group", "content_type": 3, "codename": "view_group"}}, {"model": "auth.permission", "pk": 13, "fields": {"name": "Can add user", "content_type": 4, "codename": "add_user"}}, {"model": "auth.permission", "pk": 14, "fields": {"name": "Can change user", "content_type": 4, "codename": "change_user"}}, {"model": "auth.permission", "pk": 15, "fields": {"name": "Can delete user", "content_type": 4, "codename": "delete_user"}}, {"model": "auth.permission", "pk": 16, "fields": {"name": "Can view user", "content_type": 4, "codename": "view_user"}}, {"model": "auth.permission", "pk": 17, "fields": {"name": "Can add content type", "content_type": 5, "codename": "add_contenttype"}}, {"model": "auth.permission", "pk": 18, "fields": {"name": "Can change content type", "content_type": 5, "codename": "change_contenttype"}}, {"model": "auth.permission", "pk": 19, "fields": {"name": "Can delete content type", "content_type": 5, "codename": "delete_contenttype"}}, {"model": "auth.permission", "pk": 20, "fields": {"name": "Can view content type", "content_type": 5, "codename": "view_contenttype"}}, {"model": "auth.permission", "pk": 21, "fields": {"name": "Can add session", "content_type": 6, "codename": "add_session"}}, {"model": "auth.permission", "pk": 22, "fields": {"name": "Can change session", "content_type": 6, "codename": "change_session"}}, {"model": "auth.permission", "pk": 23, "fields": {"name": "Can delete session", "content_type": 6, "codename": "delete_session"}}, {"model": "auth.permission", "pk": 24, "fields": {"name": "Can view session", "content_type": 6, "codename": "view_session"}}, {"model": "auth.permission", "pk": 25, "fields": {"name": "Can add customer", "content_type": 7, "codename": "add_customer"}}, {"model": "auth.permission", "pk": 26, "fields": {"name": "Can change customer", "content_type": 7, "codename": "change_customer"}}, {"model": "auth.permission", "pk": 27, "fields": {"name": "Can delete customer", "content_type": 7, "codename": "delete_customer"}}, {"model": "auth.permission", "pk": 28, "fields": {"name": "Can view customer", "content_type": 7, "codename": "view_customer"}}, {"model": "auth.permission", "pk": 29, "fields": {"name": "Can add order", "content_type": 8, "codename": "add_order"}}, {"model": "auth.permission", "pk": 30, "fields": {"name": "Can change order", "content_type": 8, "codename": "change_order"}}, {"model": "auth.permission", "pk": 31, "fields": {"name": "Can delete order", "content_type": 8, "codename": "delete_order"}}, {"model": "auth.permission", "pk": 32, "fields": {"name": "Can view order", "content_type": 8, "codename": "view_order"}}, {"model": "auth.permission", "pk": 33, "fields": {"name": "Can add product", "content_type": 9, "codename": "add_product"}}, {"model": "auth.permission", "pk": 34, "fields": {"name": "Can change product", "content_type": 9, "codename": "change_product"}}, {"model": "auth.permission", "pk": 35, "fields": {"name": "Can delete product", "content_type": 9, "codename": "delete_product"}}, {"model": "auth.permission", "pk": 36, "fields": {"name": "Can view product", "content_type": 9, "codename": "view_product"}}, {"model": "auth.permission", "pk": 37, "fields": {"name": "Can add shipping address", "content_type": 10, "codename": "add_shippingaddress"}}, {"model": "auth.permission", "pk": 38, "fields": {"name": "Can change shipping address", "content_type": 10, "codename": "change_shippingaddress"}}, {"model": "auth.permission", "pk": 39, "fields": {"name": "Can delete shipping address", "content_type": 10, "codename": "delete_shippingaddress"}}, {"model": "auth.permission", "pk": 40, "fields": {"name": "Can view shipping address", "content_type": 10, "codename": "view_shippingaddress"}}, {"model": "auth.permission", "pk": 41, "fields": {"name": "Can add order item", "content_type": 11, "codename": "add_orderitem"}}, {"model": "auth.permission", "pk": 42, "fields": {"name": "Can change order item", "content_type": 11, "codename": "change_orderitem"}}, {"model": "auth.permission", "pk": 43, "fields": {"name": "Can delete order item", "content_type": 11, "codename": "delete_orderitem"}}, {"model": "auth.permission", "pk": 44, "fields": {"name": "Can view order item", "content_type": 11, "codename": "view_orderitem"}}, {"model": "auth.user", "pk": 1, "fields": {"password": "pbkdf2_sha256$180000$mlRkHXu2Zkr4$7COoi8q2u8jvn9/tEWIxj0YUruB9MmYqW/6qBEvWPmI=", "last_login": "2020-05-18T20:24:52.539Z", "is_superuser": true, "username": "dennis", "first_name": "", "last_name": "", "email": "ivanvosin11@gmail.com", "is_staff": true, "is_active": true, "date_joined": "2020-04-22T17:22:33.126Z", "groups": [], "user_permissions": []}}, {"model": "auth.user", "pk": 2, "fields": {"password": "pbkdf2_sha256$720000$04oLfvjjxluLg2GxzB7Nch$AMirFrSJ+4cffF7gFYEh75kUIsXPyqqbiKHUUnuXqa4=", "last_login": "2024-06-27T11:18:31.590Z", "is_superuser": true, "username": "dungvip", "first_name": "", "last_name": "", "email": "dungjayson@gmail.com", "is_staff": true, "is_active": true, "date_joined": "2024-06-26T13:42:00.305Z", "groups": [], "user_permissions": []}}, {"model": "contenttypes.contenttype", "pk": 1, "fields": {"app_label": "admin", "model": "logentry"}}, {"model": "contenttypes.contenttype", "pk": 2, "fields": {"app_label": "auth", "model": "permission"}}, {"model": "contenttypes.contenttype", "pk": 3, "fields": {"app_label": "auth", "model": "group"}}, {"model": "contenttypes.contenttype", "pk": 4, "fields": {"app_label": "auth", "model": "user"}}, {"model": "contenttypes.contenttype", "pk": 5, "fields": {"app_label": "contenttypes", "model": "contenttype"}}, {"model": "contenttypes.contenttype", "pk": 6, "fields": {"app_label": "sessions", "model": "session"}}, {"model": "contenttypes.contenttype", "pk": 7, "fields": {"app_label": "store", "model": "customer"}}, {"model": "contenttypes.contenttype", "pk": 8, "fields": {"app_label": "store", "model": "order"}}, {"model": "contenttypes.contenttype", "pk": 9, "fields": {"app_label": "store", "model": "product"}}, {"model": "contenttypes.contenttype", "pk": 10, "fields": {"app_label": "store", "model": "shippingaddress"}}, {"model": "contenttypes.contenttype", "pk": 11, "fields": {"app_label": "store", "model": "orderitem"}}, {"model": "sessions.session", "pk": "9c9fos2ixopxmugwfarkrjign5uf4pow", "fields": {"session_data": "NTVhODZiMmM3ZmRiNGJmZjJkNmJmYWFlNWUzYjg2MmY3NjVmNGNmOTp7Il9hdXRoX3VzZXJfaWQiOiIxIiwiX2F1dGhfdXNlcl9iYWNrZW5kIjoiZGphbmdvLmNvbnRyaWIuYXV0aC5iYWNrZW5kcy5Nb2RlbEJhY2tlbmQiLCJfYXV0aF91c2VyX2hhc2giOiIzMjVhNTEzOGJmOWFlNmRiZTg0ZTllOGYwNWM4YjBlM2VhZjVmYmFkIn0=", "expire_date": "2020-05-07T17:19:09.739Z"}}, {"model": "sessions.session", "pk": "ei49yn1jhfo45p5wdx10ent0ihcpglnv", "fields": {"session_data": ".eJxVjEEOwiAQRe_C2pCWMi24dO8ZyAwzSNVAUtqV8e7apAvd_vfef6mA25rD1mQJM6uzMur0uxHGh5Qd8B3LrepYy7rMpHdFH7Tpa2V5Xg737yBjy9-6h5TYOhSTvGMa0WGMfvA0dm5AYKHJkUFrAYwBhuis7fyE3oilHli9P_4OOBA:1sMYC8:JnJPiUo4QG2EHRDPRR9jbOSXkRZjcsbPEj7O0CIdjIk", "expire_date": "2024-07-10T19:20:40.791Z"}}, {"model": "sessions.session", "pk": "h1adq21rt6fcnhdn34u1v9a3n6eaaqsb", "fields": {"session_data": "NTVhODZiMmM3ZmRiNGJmZjJkNmJmYWFlNWUzYjg2MmY3NjVmNGNmOTp7Il9hdXRoX3VzZXJfaWQiOiIxIiwiX2F1dGhfdXNlcl9iYWNrZW5kIjoiZGphbmdvLmNvbnRyaWIuYXV0aC5iYWNrZW5kcy5Nb2RlbEJhY2tlbmQiLCJfYXV0aF91c2VyX2hhc2giOiIzMjVhNTEzOGJmOWFlNmRiZTg0ZTllOGYwNWM4YjBlM2VhZjVmYmFkIn0=", "expire_date": "2020-05-06T17:22:40.594Z"}}, {"model": "sessions.session", "pk": "i92vpcjbasukslk9532fgvemwkbw9cvk", "fields": {"session_data": "NTVhODZiMmM3ZmRiNGJmZjJkNmJmYWFlNWUzYjg2MmY3NjVmNGNmOTp7Il9hdXRoX3VzZXJfaWQiOiIxIiwiX2F1dGhfdXNlcl9iYWNrZW5kIjoiZGphbmdvLmNvbnRyaWIuYXV0aC5iYWNrZW5kcy5Nb2RlbEJhY2tlbmQiLCJfYXV0aF91c2VyX2hhc2giOiIzMjVhNTEzOGJmOWFlNmRiZTg0ZTllOGYwNWM4YjBlM2VhZjVmYmFkIn0=", "expire_date": "2020-05-08T17:04:23.382Z"}}, {"model": "sessions.session", "pk": "kha4epqz49zsic8el3wl2vl3he59xvk1", "fields": {"session_data": "NTVhODZiMmM3ZmRiNGJmZjJkNmJmYWFlNWUzYjg2MmY3NjVmNGNmOTp7Il9hdXRoX3VzZXJfaWQiOiIxIiwiX2F1dGhfdXNlcl9iYWNrZW5kIjoiZGphbmdvLmNvbnRyaWIuYXV0aC5iYWNrZW5kcy5Nb2RlbEJhY2tlbmQiLCJfYXV0aF91c2VyX2hhc2giOiIzMjVhNTEzOGJmOWFlNmRiZTg0ZTllOGYwNWM4YjBlM2VhZjVmYmFkIn0=", "expire_date": "2020-06-01T20:24:52.544Z"}}, {"model": "sessions.session", "pk": "wf8do4f4l51q3nkc92leafzr39erzcdk", "fields": {"session_data": ".eJxVjEEOwiAQRe_C2pCWMi24dO8ZyAwzSNVAUtqV8e7apAvd_vfef6mA25rD1mQJM6uzMur0uxHGh5Qd8B3LrepYy7rMpHdFH7Tpa2V5Xg737yBjy9-6h5TYOhSTvGMa0WGMfvA0dm5AYKHJkUFrAYwBhuis7fyE3oilHli9P_4OOBA:1sMn95:8Voape88n4v3J_fR7xt3LNFFotdW9CWqrQnvLNXD4uU", "expire_date": "2024-07-11T11:18:31.599Z"}}, {"model": "store.customer", "pk": 1, "fields": {"user": 1, "name": "Dennis Ivanov", "email": "ivanovsin11@gmail.com", "cus_code": "CUS00001", "segment_code": "A2", "segment_decription": "Người giàu"}}, {"model": "store.customer", "pk": 2, "fields": {"user": null, "name": "dennistest", "email": "dennistest@gmail.com", "cus_code": "CUS00002", "segment_code": "A4", "segment_decription": "Người nghèo"}}, {"model": "store.customer", "pk": 3, "fields": {"user": null, "name": "Flash Point", "email": "dennis@unifive.co", "cus_code": "CUS00003", "segment_code": "A5", "segment_decription": "Người định cư"}}, {"model": "store.customer", "pk": 4, "fields": {"user": null, "name": "Moms House", "email": "todd@gmail.com", "cus_code": "CUS00004", "segment_code": "A6", "segment_decription": "Người mua nhiều"}}, {"model": "store.customer", "pk": 5, "fields": {"user": null, "name": "Final Test", "email": "final@gmail.com", "cus_code": "CUS00005", "segment_code": "A", "segment_decription": "Người ít mua"}}, {"model": "store.customer", "pk": 6, "fields": {"user": 2, "name": "newuser1", "email": "newuser1@gmail.com", "cus_code": "CUS00006", "segment_code": "A", "segment_decription": "Nhân viên văn phòng"}}, {"model": "store.product", "pk": 12, "fields": {"name": "Bột cần tây", "price": 100000.0, "digital": false, "image": "tra1_qel5Vp0.jpg", "code": "BOT1", "group_code": null, "group_name": "Bột"}}, {"model": "store.product", "pk": 13, "fields": {"name": "Set 10 gòi trà hoa cúc trắng", "price": 10000.0, "digital": false, "image": "tra2_3AYmskh.jpg", "code": "SET03", "group_code": "SET", "group_name": "set trà"}}, {"model": "store.product", "pk": 14, "fields": {"name": "Trà hoa artiso", "price": 10000.0, "digital": false, "image": "b3ok_fZFhT6q.jfif", "code": "THO05", "group_code": "THO", "group_name": "trà hoa"}}, {"model": "store.product", "pk": 15, "fields": {"name": "Trà gừng", "price": 20000.0, "digital": false, "image": "tra4_77IwqSq.jpg", "code": "TTC01", "group_code": "TTC", "group_name": "trà củ, quả sấy"}}, {"model": "store.product", "pk": 16, "fields": {"name": "Trà gừng", "price": 200000.0, "digital": false, "image": "tra5_WpogoPc.jpg", "code": "TMX01", "group_code": "TMX", "group_name": "Trà mix"}}, {"model": "store.product", "pk": 17, "fields": {"name": "Set 10 gói trà cam sả quế", "price": 35000.0, "digital": false, "image": "tra6_5vgZQ9J.jpg", "code": "SET07", "group_code": "SET", "group_name": "set trà"}}, {"model": "store.product", "pk": 18, "fields": {"name": "Science Fiction", "price": 1000.0, "digital": false, "image": "", "code": "BOT02", "group_code": "SET", "group_name": "trà củ, quả sấy"}}, {"model": "store.product", "pk": 19, "fields": {"name": "Science Fiction", "price": 1000.0, "digital": false, "image": "", "code": "BOT02", "group_code": "BOT", "group_name": "Bột"}}, {"model": "store.product", "pk": 21, "fields": {"name": "bột sắn siêu cấp", "price": 1000.0, "digital": false, "image": "", "code": "BOT02", "group_code": "BOT", "group_name": "Bột"}}, {"model": "store.product", "pk": 25, "fields": {"name": "trà tea", "price": 1000.0, "digital": false, "image": "", "code": "TOT02", "group_code": "TOT", "group_name": "trà đạo"}}, {"model": "store.product", "pk": 26, "fields": {"name": "Science Fiction", "price": 1000.0, "digital": false, "image": "", "code": "BOT02", "group_code": "BOT", "group_name": "Bột"}}, {"model": "store.order", "pk": 25, "fields": {"customer": 6, "date_ordered": "2024-06-28T03:09:59.765Z", "complete": true, "transaction_id": "1719544413.99881", "code": "ORD00000002"}}, {"model": "store.order", "pk": 26, "fields": {"customer": 6, "date_ordered": "2024-06-28T03:13:34.945Z", "complete": true, "transaction_id": "1719545581.898081", "code": "ORD00000001"}}, {"model": "store.order", "pk": 27, "fields": {"customer": 1, "date_ordered": "2024-06-28T03:26:35.067Z", "complete": false, "transaction_id": "123123123123123", "code": "ORD00000006"}}, {"model": "store.order", "pk": 28, "fields": {"customer": 2, "date_ordered": "2024-06-28T03:28:03.549Z", "complete": false, "transaction_id": "12312312312312312", "code": "ORD00000007"}}, {"model": "store.order", "pk": 29, "fields": {"customer": 3, "date_ordered": "2024-06-28T03:29:14.753Z", "complete": false, "transaction_id": "1231254125131", "code": "ORD00000003"}}, {"model": "store.order", "pk": 30, "fields": {"customer": 4, "date_ordered": "2024-06-28T03:29:49.657Z", "complete": false, "transaction_id": "12312398776", "code": "ORD00000004"}}, {"model": "store.order", "pk": 31, "fields": {"customer": 5, "date_ordered": "2024-06-28T03:30:13.057Z", "complete": false, "transaction_id": "123125153123145124", "code": "ORD00000005"}}, {"model": "store.order", "pk": 34, "fields": {"customer": 6, "date_ordered": "2024-06-28T03:46:21.589Z", "complete": true, "transaction_id": "1719546502.722672", "code": null}}, {"model": "store.order", "pk": 35, "fields": {"customer": 6, "date_ordered": "2024-06-28T03:48:25.461Z", "complete": true, "transaction_id": "1719546786.311817", "code": null}}, {"model": "store.order", "pk": 36, "fields": {"customer": 6, "date_ordered": "2024-06-28T03:53:08.147Z", "complete": false, "transaction_id": null, "code": null}}, {"model": "store.orderitem", "pk": 63, "fields": {"product": 12, "order": 25, "quantity": 3, "date_added": "2024-06-28T03:13:16.056Z"}}, {"model": "store.orderitem", "pk": 64, "fields": {"product": 13, "order": 25, "quantity": 2, "date_added": "2024-06-28T03:13:18.920Z"}}, {"model": "store.orderitem", "pk": 65, "fields": {"product": 15, "order": 25, "quantity": 1, "date_added": "2024-06-28T03:13:19.707Z"}}, {"model": "store.orderitem", "pk": 66, "fields": {"product": 16, "order": 25, "quantity": 1, "date_added": "2024-06-28T03:13:20.442Z"}}, {"model": "store.orderitem", "pk": 67, "fields": {"product": 17, "order": 25, "quantity": 1, "date_added": "2024-06-28T03:13:21.072Z"}}, {"model": "store.orderitem", "pk": 68, "fields": {"product": 14, "order": 25, "quantity": 1, "date_added": "2024-06-28T03:13:21.823Z"}}, {"model": "store.orderitem", "pk": 69, "fields": {"product": 12, "order": 27, "quantity": 100, "date_added": "2024-06-28T03:26:53.519Z"}}, {"model": "store.orderitem", "pk": 70, "fields": {"product": 13, "order": 28, "quantity": 30, "date_added": "2024-06-28T03:28:25.748Z"}}, {"model": "store.orderitem", "pk": 71, "fields": {"product": 14, "order": 29, "quantity": 6, "date_added": "2024-06-28T03:29:28.573Z"}}, {"model": "store.orderitem", "pk": 72, "fields": {"product": 15, "order": 30, "quantity": 100, "date_added": "2024-06-28T03:29:58.160Z"}}, {"model": "store.orderitem", "pk": 73, "fields": {"product": 16, "order": 31, "quantity": 20, "date_added": "2024-06-28T03:30:23.294Z"}}, {"model": "store.orderitem", "pk": 74, "fields": {"product": 12, "order": 26, "quantity": 2, "date_added": "2024-06-28T03:32:51.162Z"}}, {"model": "store.orderitem", "pk": 75, "fields": {"product": 12, "order": null, "quantity": 1, "date_added": "2024-06-28T03:37:12.876Z"}}, {"model": "store.orderitem", "pk": 76, "fields": {"product": 15, "order": 27, "quantity": 1, "date_added": "2024-06-28T03:37:13.498Z"}}, {"model": "store.orderitem", "pk": 77, "fields": {"product": 13, "order": 26, "quantity": 6, "date_added": "2024-06-28T03:37:14.039Z"}}, {"model": "store.orderitem", "pk": 78, "fields": {"product": 12, "order": 34, "quantity": 4, "date_added": "2024-06-28T03:47:51.857Z"}}, {"model": "store.orderitem", "pk": 79, "fields": {"product": 14, "order": 34, "quantity": 1, "date_added": "2024-06-28T03:47:56.420Z"}}, {"model": "store.orderitem", "pk": 80, "fields": {"product": 13, "order": 34, "quantity": 1, "date_added": "2024-06-28T03:47:57.791Z"}}, {"model": "store.orderitem", "pk": 82, "fields": {"product": 13, "order": 35, "quantity": 9, "date_added": "2024-06-28T03:52:42.159Z"}}, {"model": "store.shippingaddress", "pk": 24, "fields": {"customer": 6, "order": 25, "address": "ly tu tron", "city": "sadf", "state": "hai chau 1", "zipcode": "asdf", "date_added": "2024-06-28T03:13:34.033Z"}}, {"model": "store.shippingaddress", "pk": 25, "fields": {"customer": 6, "order": 26, "address": "", "city": "", "state": "", "zipcode": "", "date_added": "2024-06-28T03:33:01.915Z"}}, {"model": "store.shippingaddress", "pk": 26, "fields": {"customer": 6, "order": null, "address": "ly tu tron", "city": "da nang", "state": "hai chau 1", "zipcode": "123458", "date_added": "2024-06-28T03:37:38.253Z"}}, {"model": "store.shippingaddress", "pk": 27, "fields": {"customer": 6, "order": 34, "address": "ly tu tron", "city": "da nang", "state": "hai chau 1", "zipcode": "1234580", "date_added": "2024-06-28T03:48:22.741Z"}}, {"model": "store.shippingaddress", "pk": 28, "fields": {"customer": 6, "order": 35, "address": "ly tu tron", "city": "da nang", "state": "hai chau 1", "zipcode": "123458", "date_added": "2024-06-28T03:53:06.327Z"}}]